Alexandre Dionisio;Saison 1;La Villa In The Sky;IT Tower – 25ème étage Avenue Louise 480 1050 Bruxelles (Belgique);http://www.lavillainthesky.be/
Alexis Braconnier;Saison 2;Café Pélican;61 rue d’Hauteville 75010 Paris (France);http://www.cafepelican.com/
Brice Morvent;Saison 1;Le Majestic à L’hôtel Barrière;10 boulevard de la Croisette 06407 Cannes (France);
Carl Gillain;Saison 3;L’Agathopède;23 Avenue de la Plante 5000 Namur (Belgique);http://theroyalsnail.com/restaurant-gastronomique-namur.php
Christian Constant;Jury;;;
Christian Constant;Jury;;;
Cyrille Zen;Saison 3;La Bergerie de Sarpoil;Sarpoil 63490 St-jean en Val (France);http://labergeriedesarpoil.com/
Cyrille Zen;Saison 3;Le Bistrot Zen;rue de la Grande Charreyre 63114 Montpeyroux (France);http://lebistrotzen.com/
Cyril Lignac;Jury;Aux Prés; 27 rue du Dragon 75006 Paris (France);
Cyril Lignac;Jury;Le Chardenoux;1 rue Jules Valles 75011 Paris (France);
Cyril Lignac;Jury;Le Quinzième;14, rue Cauchy 75015 Paris (France);
Denny Imbroisi;Saison 3;IDA;117 Rue de Vaugirard 75015 Paris (France);http://www.restaurant-ida.com/
Fabien Morreale;Saison 4;Le Garage;20 Avenue Frédéric Mistral 13500 Martigues (France);http://www.restaurantmartigues.com/
Fanny Rey;Saison 2;Auberge de la Reine Jeanne;12 bd Mirabeau 13210 Saint Rémy de Provence (France);http://www.auberge-reinejeanne.com/fr/hotel-restaurant-saint-remy-provence-site-officiel.php
Florent Ladeyn;Saison 4;Bloempot;22 rue des bouchers 59800 Lille (France);http://www.bloempot.fr/
Florent Ladeyn;Saison 4;L’Auberge du Vert Mont;1318 rue du Mont Noir 59299 Boeschepe (France);http://www.vertmont.fr/
Ghislaine Arabian;Jury;;;
Grégory Cuilleron;Saison 1;Cinq Mains;12 rue Monseigneur Lavarenne 69005 Lyon (France);https://www.facebook.com/cinqmains/
Hélène Darroze;Jury;;;
Jean-Baptiste Ascione;Saison 6;Restaurant du Kube;1-5, passage Ruelle 75018 Paris (France);
Jean-Edern Hurstel;Saison 6;L’Oiseau Blanc au Peninsula;19, avenue Kléber 75116 Paris (France);
Jean-François Piège;Jury;Clover;5 rue Perronet 75007 Paris (France);
Jean-François Piège;Jury;Le Grand Restaurant;7 rue d’Aguesseau 75008 Paris (France);
Jean Imbert;Saison 3;L’Acajou;35 bis, rue Jean de la Fontaine 75016 Paris (France);http://www.l-acajou.com
Jean Imbert;Saison 3;Les Bols de Jean;2, rue de Choiseul 75002 Paris (France);
Jean-Philippe Watteyne;Saison 4;iCook;31 avenue Reine Astrid 7000 Mons (Belgique);http://restaurant-icook.be/gastronomique/
Joris Bijdendijk;Saison 4;RIJKS;Museumstraat 2 1077 XX Amsterdam (Pays-Bas);http://www.rijksrestaurant.nl/en/
Juan Arbelaez;Saison 3;La Plantxa;58 Rue Gallieni 92100 Boulogne-Billancourt (France);http://plantxa.com/
Juan Arbelaez;Saison 3;Nubé à l’Hôtel Marignan;12, rue Marignan 75008 Paris (France);
Julien Burbaud;Saison 3;1K Paris;13 Boulevard du Temple 75003 Paris (France);http://www.1k-paris.com/fr/
Julien Duboué;Saison 5;A Noste;6 bis rue du 4 Septembre 75002 Paris (France);http://www.a-noste.com/
Julien Machet;Saison 6;Le Farçon;immeuble Kalinka 73120 La Tania (France);http://www.lefarcon.fr/
Kevin D’Andréa;Saison 6;Mensae;23 rue Melingue 75019 Paris (France);http://www.mensae-restaurant.com/
Ludovic Turac;Saison 2;Une Table Au Sud;2 Quai du Port 13002 Marseille (France);http://www.unetableausud.com/
Martin Volkaerts;Saison 6;L’amandier;9, rue de limalsart 1332 Genval (Belgique);http://amandier.be/
Matthieu Lestrade;Saison 2;Le Clos St Basile;351 Avenue Saint Basile 06250 Mougins (France);http://www.clossaintbasile.fr/
Mehdi Kebboul;Saison 3;Bistrot Méricourt;22 rue de la Folie Méricourt 75011 Paris (France);
Michel Sarran;Jury;;;
Mohamed Si Abdelkader;Saison 5;Le Crystal Paris;10 rue des acacias 75017 Paris (France);http://www.lecrystalparis.com/
Nicolas Pourcheresse;Saison 6;Restaurant du Clarance Hôtel;32 rue de la barre 59 000 Lille (France);
Norbert Tarayre;Saison 3;Saperlipopette;24 rue Mars et Roty 92800 Puteaux (France);http://www.saperlipopette1.fr/
Paul-Arthur Berlan;Saison 2;L’Escudella;41, avenue de Ségur 75007 Paris (France);
Paul-Arthur Berlan;Saison 2;Métropolitain;8 rue de Jouy 75004 Paris (France);http://www.metroresto.fr/
Philippe Etchebest;Jury;;;
Pierre Augé;Saison 1 & 5;La Maison de Petit Pierre;22, avenue Pierre Verdier 34500 Béziers (France);http://www.lamaisondepetitpierre.fr/
Pierre Sang Boyer;Saison 2;Pierre Sang in Oberkampf;55 Rue Oberkampf 75011 Paris (France);http://www.pierresangboyer.com/
Pierre Sang Boyer;Saison 2;Pierre Sang on Gambey;6 rue Gambey 75011 Paris (France);http://www.pierresangboyer.com/
Quentin Bourdy et Noémie Honiat;Saison 3 & 4;L’univers;2 place de la République 12200 Villefranche de Rouergue (France);http://www.lunivers-villefranche.com/
Romain Tischenko;Saison 1;La Cave à Michel;36, rue Saint-Marthe 75010 Paris (France);
Romain Tischenko;Saison 1;Le Galopin;34 rue Sainte-Marthe 75010 Paris (France);http://www.le-galopin.com
Ronan Kernen;Saison 2;Côté Cour;19 Cours Mirabeau 13100 Aix-en-Provence (France);http://www.restaurantcotecour.fr/
Ruben Sarfati;Saison 3;Spontini 50;45 rue des Petits Carreaux 75002 Paris (France);http://spontini50.fr/
Stéphanie Le Quellec;Saison 2;La Scène à l’Hôtel Prince de Galles;33 avenue George V 75008 Paris (France);http://www.restaurant-la-scene.fr/fr/
Steven Ramon;Saison 5;Rouge Barre;50 Rue de la Halle 59800 Lille (France);http://rougebarre.fr/
Thibault Sombardier;Saison 5;Antoine;10 avenue de New York 75116 Paris (France);http://www.antoine-paris.fr/
Thierry Marx;Jury;Bar 8;251 rue Saint-Honoré 75001 Paris France (France);
Thierry Marx;Jury;Cake Shop;251 rue Saint-Honoré 75001 Paris France (France);
Thierry Marx;Jury;La Boulangerie;51 rue de Laborde 75008 Paris (France);
Thierry Marx;Jury;Le Camélia;251 rue Saint-Honoré 75001 Paris France (France);
Thierry Marx;Jury;Sur Mesure;251 rue Saint-Honoré 75001 Paris France (France);
Tiffany Depardieu;Saison 2;Fraîche;8 Rue Vicq d’Azir 75010 Paris (France);http://www.fraicheparis.fr
Valentin Neraudeau;Saison 4;Le Carré Rouge;6 rue des Prêtres 31000 Toulouse (France);http://lecarrerouge-restaurant.fr/
Vanessa Robuschi;Saison 6;Question de goût;145 avenue Joseph Vidal 13008 Marseille (France);
Virginie Martinetti;Saison 4;La Pescalune;13, rue de la Résistance 83830 Bargemon (France);http://la-pescalune.fr/
Xavier Koenig;Saison 5;Auberge Saint-Laurent;1 rue de la Fontaine 68510 Sirentz (France);
Yoni Saada;Saison 4;Bagnard;7, rue Saint-Augustin 75002 Paris (France);
Yoni Saada;Saison 4;Miniatures;31 avenue de Versailles 75016 Paris (France);https://www.facebook.com/Restaurant-Miniatures-432393540170660/
